sw;fb;pb;cb;sw;sb;sw;tw;sb;fw;sb;fw;sb;sw;sb;cw;rw;sb;sw;sb;pb;pb;pb;sb;sb;pb;sb;tb;sb;pw;cw;sw;pb;sb;sw;sb;sw;pw;pb;fb;sb;sw;db;sw;sb;sw;sb;sw;tw;sb;sw;pw;sw;pw;tb;pw;pw;pb;sb;cb;pw;pw;sb;sw
pw;pw;sw;sb;pb;pb;pb;sb;sb;sw;sb;sw;sb;pb;sb;fw;sw;sb;sw;fb;fb;cb;db;tw;cw;pw;sb;cb;sb;sw;sb;sw;tb;tb;pb;sb;pb;sb;pw;pb;pw;sw;sb;pw;sb;sw;cw;sw;sw;sb;pb;sb;sw;sb;sw;dw;tw;pw;rw;sw;sb;pw;sb;fw
sw;sb;sw;sb;sw;sb;sw;pw;sb;pb;dw;fb;db;pb;sb;sw;sw;sb;sw;sb;sw;sb;sw;tw;pw;cw;sb;sw;pw;rw;sb;sw;sw;sb;sw;pb;pw;sb;tw;sb;sb;pb;tb;sw;rb;pw;sb;pw;sw;sb;cw;fb;sw;pb;fw;pb;pw;cb;sb;pb;tb;fw;pb;sw
sw;sb;tw;sb;fb;sb;pw;pb;pw;cw;fb;rw;dw;tw;sb;sw;pw;tb;sw;cw;sw;sb;sw;pb;pw;pw;pb;sw;pw;db;pb;sw;sw;sb;sw;sb;sw;fw;sw;sb;pb;pb;sb;pw;sb;cb;sb;fw;cb;sb;sw;sb;sw;sb;sw;sb;sb;sw;rb;sw;pb;pb;pw;sw
sw;tw;sw;tb;sw;pb;sw;sb;sb;sw;pw;cw;sb;sw;sb;pw;db;sb;rw;sb;pb;fb;sw;cb;rb;sw;sb;sw;sb;sw;sb;tw;sw;pw;fw;pb;tb;sb;sw;dw;pb;pw;cw;fb;sb;sw;pw;sw;pw;sb;fw;pb;pb;pw;sw;sb;sb;sw;sb;pb;pw;sw;pb;sw
sw;fw;sw;sb;tb;sb;sw;pw;pb;pw;pb;pw;fb;sw;pb;fb;sw;dw;pb;sb;sw;sb;pw;pw;sb;tw;rw;sw;cb;sw;rb;sw;sw;sb;pb;sb;sw;sb;sw;sb;fw;sw;sb;db;sb;pb;cw;sw;sw;tb;sw;sb;pb;cb;sw;sb;sb;cw;sb;pw;pw;pw;sb;sw
sw;sb;pw;pb;sw;sb;sw;tw;pb;sw;pw;cb;pb;fb;sb;sw;pw;pw;sw;dw;rb;sb;rw;cb;sb;pw;sb;sw;db;tb;fw;pw;tb;pw;sw;sb;sw;sb;sw;sb;sb;sw;pb;cw;pb;pb;sb;pb;sw;sb;sw;cw;fw;sb;sw;sb;pb;sw;pw;fb;tw;sw;sb;sw
sw;sb;sw;sb;pw;sb;fw;sb;sb;sw;sb;sw;cb;sw;fb;sw;tb;sb;pb;sb;sw;pb;sw;sb;sb;sw;sb;pw;tw;pw;cw;db;pw;rw;sw;sb;sw;pb;dw;pw;tw;sw;pb;sw;cb;pb;pw;pb;pb;cw;sw;pw;sw;sb;pw;sb;fw;sw;fb;sw;sb;pb;tb;sw
sw;fw;sw;cw;sw;sb;db;sb;dw;tb;sb;sw;sb;sw;pw;pb;pw;pw;pw;sb;cb;sb;fw;sb;sb;fb;fb;sw;sb;sw;sb;pw;sw;pw;sw;sb;pb;pb;sw;sb;sb;rw;tw;pb;sb;tw;pb;cw;sw;pb;sw;sb;sw;rb;sw;pw;pb;pw;sb;cb;sb;sw;sb;sw
fw;pb;sw;sb;sw;sb;sw;sb;sb;pb;pb;sw;sb;sw;sb;sw;sw;sb;cb;tw;sw;pb;sw;pw;fb;tb;pw;fw;pb;pb;cw;sw;sw;sb;cb;cw;pw;pw;sw;fb;pw;pw;pb;pw;sb;sw;pw;rw;sw;sb;sw;dw;tw;sb;sw;rb;sb;sw;db;sw;sb;tb;sb;sw
sw;pw;pb;fb;sw;fb;sw;tb;cw;tw;db;tb;pw;sw;pw;sw;sw;pb;rb;sb;pb;sb;sw;sb;tw;cb;sb;dw;sb;sw;sb;sw;sw;pb;sw;pw;sw;sb;sw;pw;pb;pb;sb;pb;sb;sw;sb;sw;pb;rw;fw;sb;sw;sb;sw;sb;fw;sw;sb;cw;sb;pw;pw;sw
sw;sb;pw;tb;sw;sb;tw;sb;sb;sw;fb;sw;fw;pb;sb;sw;pw;pb;sw;pw;pb;sb;db;rw;cw;sw;pb;sw;sb;sw;sb;pw;sw;fb;sw;sb;pb;pw;sw;pw;cb;sw;sb;sw;sb;sw;tw;sw;cb;pb;sw;sb;sw;sb;sw;tb;pb;sw;pw;dw;fw;cw;pb;pw
sw;cw;fb;fw;sw;sb;sw;fw;pw;sw;pb;sw;sb;pw;sb;pw;pw;sb;pw;sb;tw;pb;pb;sb;sb;pw;tb;db;sb;sw;sb;rw;sw;cb;tw;sb;sw;pb;pb;fb;sb;sw;sb;pb;sb;sw;sb;sw;rb;sb;sw;sb;pb;tb;cb;cw;sb;sw;pw;sw;sb;pw;sb;pb
sw;cw;sw;tb;pb;pb;pb;sb;sb;pw;sb;rw;sb;pb;cb;pb;sw;pw;tb;sb;sw;pb;fw;fw;sb;sw;sb;sw;sb;sw;sb;pw;sw;dw;pw;sb;db;sb;sw;sb;sb;sw;pw;pw;sb;pw;pb;fb;sw;cb;tw;sb;tw;sb;sw;sb;cw;sw;pb;sw;fb;pw;sb;sw
sw;pw;fb;tb;pw;sb;pb;fw;sb;sw;sb;cw;rw;sw;fb;sw;sw;sb;pb;sb;tw;rb;sw;pb;pb;sw;sb;sw;cb;sw;sb;sw;sw;sb;sw;sb;pw;cb;sw;pw;cw;pb;sb;pb;pw;sw;sb;sw;dw;sb;pb;sb;sw;pb;sw;pw;fw;tw;pw;sw;sb;sw;pw;sw
sw;rw;sw;pb;sw;sb;sw;pw;sb;sw;sb;pw;pb;pb;db;sw;cw;sb;rb;sb;sw;sb;sw;pw;fw;sw;tb;pw;sb;pw;sb;cb;pw;sb;tb;tw;sw;sb;sw;sb;fb;pb;pb;sw;sb;dw;sb;sw;sw;sb;pw;sb;pb;sb;pb;fb;sb;cb;tw;fw;pw;pb;sb;sw
sw;sb;pw;tb;pb;fw;sw;tw;fb;sw;sb;sw;sb;sw;sb;cw;sw;sb;cb;sb;pw;sb;pb;tb;sb;pw;sb;pw;sb;sw;db;pb;sw;fw;cb;sb;pb;pb;sw;sb;pw;sw;pb;sw;rb;sw;sb;rw;tw;sb;fb;sb;sw;sb;pb;cw;sb;pw;pb;pw;pw;sw;sb;dw
sw;sb;fw;rw;pw;db;sw;sb;pb;pw;pb;sw;sb;sw;pb;sw;sw;cb;sw;cw;sw;sb;pb;sb;tb;pw;sb;sw;sb;pw;pb;sw;sw;pb;cb;fw;pb;sb;fb;sb;sb;dw;pw;sw;sb;tw;sb;rb;cw;pw;sw;sb;sw;pw;tw;fb;sb;sw;sb;sw;sb;sw;pb;sw
sw;pw;sw;pb;sw;sb;pb;pw;sb;sw;cw;rb;tw;pw;cb;sw;sw;sb;pb;pw;sw;sb;pw;sb;sb;db;pb;sw;sb;sw;sb;sw;sw;sb;sw;tw;sw;dw;sw;cb;sb;sw;pw;pw;fw;pb;cw;tb;sw;sb;rw;sb;fb;pw;sw;sb;sb;sw;fw;sw;sb;fb;pb;pb
pw;dw;pw;rw;pb;sb;sw;sb;sb;sw;pw;sw;cb;pb;sb;sw;sw;pb;sw;cw;sw;pw;pb;pw;sb;sw;tb;sw;pw;sw;sb;pb;sw;sb;pb;sb;pw;cw;fw;db;sb;tw;sb;sw;sb;rb;fb;sw;sw;fb;pb;sb;pw;sb;pb;fw;sb;tw;sb;sw;sb;cb;sb;sw
fb;sb;fw;sb;sw;sb;pb;sb;sb;sw;sb;pw;sb;sw;pw;fw;pw;sb;sw;pb;pb;cb;pb;sb;cw;sw;rb;db;pw;sw;pw;fb;pw;sb;sw;sb;tb;sb;pw;sb;sb;sw;pb;sw;pw;pb;sb;sw;rw;sb;sw;cw;cb;pb;pb;sb;tw;sw;sb;sw;sb;sw;dw;tw
sw;pw;pw;sb;sw;pb;sw;tb;db;tb;sb;sw;fw;rb;sb;sw;cb;sb;fb;sb;pb;cw;fb;pb;sb;sw;sb;sw;sb;pw;sb;sw;dw;pw;fw;sb;pw;sb;pw;sb;pw;sw;pb;sw;sb;pb;sb;pb;sw;tw;sw;sb;sw;sb;cw;rw;sb;sw;sb;sw;tw;sw;pb;pw
sw;sb;sw;sb;cb;sb;pw;pw;rb;pb;sb;pw;pw;sw;pb;fw;fw;pb;sw;sb;sw;sb;tw;cb;sb;sw;pb;cw;pb;tw;tb;sw;pw;sb;sw;tb;sw;sb;fb;pb;sb;sw;pw;sw;sb;cw;sb;sw;db;sb;pb;sb;pw;sb;sw;sb;pw;sw;fb;sw;sb;pb;dw;rw
sw;sb;sw;sb;sw;dw;pw;sb;sb;fw;sb;sw;pw;pb;fb;sw;sw;sb;pw;tw;sw;sb;sw;pb;cw;sw;tb;sw;fw;cb;sb;db;sw;pw;cb;fb;pb;sb;sw;pw;tw;pb;pw;sw;tb;sw;sb;sw;sw;pb;rb;sb;sw;sb;sw;pb;pb;cw;pw;sw;rw;pw;sb;sw
sw;sb;sw;sb;cw;dw;sw;sb;sb;pw;sb;pw;sb;sw;tw;sw;sw;pb;fw;db;sw;sb;rb;pb;cw;pb;pw;tb;sb;sw;pw;sw;sw;sb;sw;sb;pw;sb;pw;sb;pw;fb;tb;fw;sb;fb;tw;sw;pb;pw;sw;sb;sw;sb;cb;pb;pb;rw;sb;pb;sb;sw;pb;sw
sw;pw;pw;sb;sw;pb;pw;sb;sb;tw;sb;fb;tw;sw;pw;sw;sw;sb;db;fw;pw;sb;tb;sb;fb;sw;dw;cb;pb;rw;pb;pb;pb;rb;cb;pw;sw;sb;sw;sb;sb;pb;sb;sw;fw;pw;sb;sw;pb;sb;sw;sb;sw;pw;sw;sb;cw;sw;sb;cw;pb;sw;sb;sw
fb;cb;tb;rb;sw;sb;sw;pw;sb;tw;sb;sw;tw;pb;fw;sw;pw;pb;dw;pb;sw;sb;pb;sb;sb;sw;sb;sw;pw;sw;pw;pw;sw;rw;sw;pb;sw;cw;sw;sb;cw;sw;sb;sw;sb;sw;pw;cb;sw;pb;sw;tb;sw;sb;pw;sb;sb;pb;pw;fb;db;sw;sb;sw
pw;sb;sw;sb;sw;sb;sw;fw;dw;tb;sb;pw;cw;pb;db;fw;pb;sb;sw;sb;sw;pw;sw;fb;sb;sw;pw;sw;sb;sw;sb;sw;cw;pw;sw;sb;sw;sb;pw;tw;sb;sw;rw;sw;pb;sw;sb;pb;fb;pb;sw;pb;sw;cb;sw;pw;sb;tw;cb;pw;sb;pb;sb;tb
sw;pw;sw;sb;pb;rb;sw;sb;pw;sw;pw;pw;sb;pw;tb;db;sw;tb;pb;sb;pw;sb;sw;sb;pw;sw;sb;cw;sb;pb;cw;sw;pw;sb;sw;sb;cb;sb;sw;pb;sb;sw;dw;fb;sb;fw;cb;pb;sw;tw;sw;sb;fw;sb;rw;sb;fb;sw;tw;sw;sb;pb;pb;sw
sw;sb;sw;sb;tw;sb;pw;sb;pb;sw;fw;sw;sb;sw;sb;cw;sw;pw;sw;sb;sw;sb;sw;sb;sb;sw;pb;pw;sb;sw;sb;pb;fw;pw;sw;sb;pb;tb;pw;pw;sb;rb;pb;cw;fb;tw;pw;pb;sw;db;sw;sb;pw;sb;sw;cb;pb;sw;cb;sw;dw;pb;sb;fb
tb;cw;sw;sb;sw;tw;sw;sb;sb;sw;rb;sw;sb;sw;sb;pb;pb;pw;dw;sb;pw;sb;tw;sb;sb;fw;sb;sw;pb;pb;sb;tb;sw;pw;pb;cw;fb;pb;sw;sb;sb;pw;sb;sw;cb;pw;sb;fw;sw;sb;sw;sb;sw;pb;sw;db;sb;fb;pw;sw;pw;pw;rw;pb
sw;pb;sw;db;pw;sb;sw;cw;cb;sw;rw;fb;sb;sw;sb;pb;sw;pb;pw;pb;pb;pb;pw;sb;sb;sw;pw;sw;sb;sw;sb;sw;tb;pb;sw;sb;sw;pw;sw;sb;sb;sw;tw;cw;sb;fb;sb;pw;pw;tb;sw;sb;dw;cb;tw;sb;sb;rb;fw;pw;sb;sw;pb;sw
pw;tw;sw;sb;sw;sb;pb;sb;sb;sw;sb;pw;tw;sw;cb;tb;dw;pw;sw;tb;pb;sb;sw;sb;fb;pb;pb;sw;pb;sw;sb;pw;sw;fb;sw;sb;rw;pw;sw;cw;sb;pw;sb;pw;sb;sw;sb;sw;pb;cb;sw;pw;sw;db;sw;cw;sb;pb;fw;fw;sb;sw;sb;pb
pb;sb;cw;sb;sw;rb;sw;pw;sb;pb;sb;sw;sb;fb;fw;cb;sw;sb;pw;db;sw;rw;pw;sb;pw;sw;sb;pw;pw;sw;pb;sw;pw;cw;dw;sb;sw;tb;sw;sb;sb;sw;sb;pb;cb;sw;tw;sw;sw;sb;tw;sb;pb;sb;pw;fb;tb;pb;pb;sw;sb;sw;pb;sw
cw;sb;tw;rw;fb;pw;sw;sb;sb;sw;sb;pw;pw;sw;tw;fw;pw;pb;sw;sb;sw;pb;pb;sb;pb;pw;pb;sw;sb;sw;sb;sw;dw;tb;sw;cb;cw;sb;sw;pw;sb;sw;db;pw;sb;tb;sb;fw;sw;sb;cb;sb;sw;sb;pb;rb;pw;sw;pb;sw;fb;sw;sb;sw
sw;sb;pw;fw;pb;sb;tw;cb;sb;sw;tw;sw;fb;sw;fb;sw;sw;sb;cw;pw;sw;rb;sw;pb;sb;pw;pb;pb;sb;pw;sb;sw;dw;pb;pw;pb;sw;db;sw;sb;sb;sw;sb;sw;tb;rw;fw;sw;pw;sb;cw;pb;sw;sb;sw;sb;sb;pw;sb;sw;pb;sw;pw;tb
db;cb;cw;fb;sw;sb;pw;sb;sb;pb;sb;tw;sb;fb;sb;sw;sw;fw;sw;tw;pw;pb;sw;fw;pb;pb;sb;sw;sb;sw;sb;pw;dw;sb;sw;pb;cw;sb;sw;sb;pw;sw;pb;sw;sb;sw;sb;sw;cb;sb;sw;pb;pb;sb;pw;rb;pw;sw;sb;sw;rw;sw;tb;pw
pb;sb;sw;sb;fb;cw;pw;sb;sb;sw;pw;pw;sb;fb;sb;sw;pb;pw;pw;sb;sw;pb;sw;sb;sb;pb;pw;sw;dw;sw;sb;sw;pb;sb;rb;sb;sw;cb;pw;sb;sb;sw;sb;sw;pb;pb;sb;sw;cw;fw;pw;tb;pb;sb;sw;tb;sb;db;tw;cb;sb;tw;sb;rw
pw;pw;sw;sb;sw;pb;sw;tb;sb;tw;cw;sw;sb;sw;pw;dw;pw;fb;pb;sb;sw;sb;pw;sb;pb;sw;rb;sw;pb;sw;sb;pb;sw;tb;sw;sb;sw;pb;sw;sb;sb;cb;pb;sw;sb;pw;pw;cw;rw;fb;sw;sb;pb;fw;fw;tw;sb;sw;sb;sw;db;sw;sb;pw
sw;sb;pw;sb;sw;sb;sw;sb;cw;tw;fw;rw;pb;sw;db;dw;sw;pw;pb;fw;pw;pb;sw;sb;sb;sw;pw;sw;sb;sw;sb;sw;sw;sb;fb;sb;sw;pw;sw;pw;rb;sw;sb;sw;tb;pw;pb;pb;cw;sb;sw;pw;sw;pb;sw;pb;cb;tw;sb;sw;fb;pb;sb;cb
tb;pw;sw;tw;sw;cw;sw;sb;sb;sw;pw;sw;sb;sw;sb;cb;sw;db;pb;pw;cw;pb;sw;sb;rw;sw;fw;sw;sb;pb;sb;sw;tb;sb;fw;sb;pb;sb;sw;fb;sb;sw;pw;sw;sb;sw;sb;pb;dw;pw;tw;sb;cb;sb;sw;pb;fb;pw;pw;pb;pw;sw;sb;pb
sw;sb;sw;sb;pw;pw;sw;sb;pw;pw;pb;sw;fw;sw;cb;sw;cw;sb;fb;pw;sw;pb;sw;tw;sb;sw;sb;rw;dw;sw;sb;sw;sw;pb;pb;sb;fb;tb;sw;sb;sb;pw;sb;sw;pb;sw;rb;pw;pb;pb;sw;cw;tw;pb;fw;sb;sb;pw;sb;tb;sb;sw;db;cb
pw;cb;sw;sb;sw;pw;sw;rw;sb;sw;tw;sw;cw;pb;pw;sw;sw;sb;sw;sb;sw;sb;sw;sb;rb;cb;tb;sw;pb;tw;pw;cw;pw;sb;pb;pb;fb;sb;db;pb;fw;sw;sb;sw;sb;pw;sb;sw;pb;pw;sw;dw;sw;sb;sw;sb;sb;pb;sb;pb;sb;pw;tb;fb
sw;sb;sw;rw;sw;sb;sw;sb;pw;pw;pb;sw;sb;pw;pw;cb;fb;sb;fb;sb;sw;sb;rb;sb;cw;cb;sb;pw;sb;sw;tb;tw;sw;sb;pb;pw;pw;pb;fw;cw;pb;sw;sb;sw;sb;db;tw;sw;pb;sb;sw;pb;sw;sb;sw;sb;sb;pb;sb;sw;pb;sw;fw;dw
pb;pb;sw;tb;sw;sb;fb;pw;sb;sw;sb;sw;sb;sw;tw;sw;pw;sb;sw;tb;pb;sb;sw;rw;db;fw;sb;sw;tw;pb;sb;pw;pb;sb;sw;sb;pb;sb;pw;cb;sb;fb;sb;fw;pw;pw;sb;pb;sw;sb;sw;dw;sw;cw;cb;sb;pw;pb;sb;sw;sb;cw;sb;rb
sw;sb;tw;pb;pw;sb;sw;sb;sb;sw;pb;sw;pw;pw;sb;pb;cw;pb;sw;sb;pb;pw;fb;sb;sb;sw;pw;sw;sb;sw;sb;sw;cb;pw;pb;sb;cw;sb;sw;sb;fw;sw;tb;rb;pw;sw;sb;sw;fb;db;sw;sb;pb;dw;cb;rw;pb;tb;sb;sw;tw;pw;sb;sw
sw;sb;pw;pw;tb;pw;sw;sb;pw;tw;sb;pb;sb;fb;sb;cw;sw;sb;sw;fw;sw;sb;sw;sb;sb;pb;pw;cb;cb;sw;pb;pb;sw;sb;sw;db;sw;sb;sw;pw;pb;dw;fw;fb;cw;sw;sb;pb;pw;sb;sw;sb;sw;sb;sw;tb;pb;sw;pb;tw;rw;sw;pw;sw
pb;sb;dw;pw;pb;pb;sw;tw;sb;sw;pb;sw;sb;sw;pb;tb;cb;sb;sw;pw;sw;sb;sw;cb;sb;sw;pw;sw;sb;sw;rb;fb;sw;cw;pb;db;sw;pw;sw;sb;pb;tw;pw;sw;sb;sw;sb;sw;pw;fw;sw;sb;fw;fb;pw;sb;rw;sw;pb;pw;sb;sw;cw;sw
sw;sb;sw;sb;sw;sb;sw;sb;tw;pb;sb;pw;sb;sw;sb;sw;pb;fw;sw;pw;fb;cb;sw;cw;sb;cb;rw;db;pb;fw;fb;pb;sw;sb;pw;pw;sw;tw;tb;sb;sb;tb;pb;sw;pw;sw;sb;cw;sw;sb;pw;sb;sw;sb;sw;pw;pw;sw;sb;pb;pb;dw;sb;sw
sw;sb;sw;sb;sw;pw;sw;pb;sb;sw;fw;cw;sb;pb;fb;sw;pw;pb;tb;sb;pw;dw;pb;sb;tw;fb;pw;sw;pb;sw;tw;cw;sw;pb;sw;sb;cb;pb;sw;pb;sb;sw;fw;sw;sb;cb;pw;db;sw;sb;sw;sb;sw;sb;pw;sb;sb;sw;pw;tb;sb;sw;sb;pw
tb;cw;pb;dw;pw;sb;rb;sb;pw;cb;sb;sw;sb;pw;fb;pb;pb;sb;tw;sb;sw;sb;pb;sb;fw;sw;cw;tw;sb;sw;sb;sw;sw;sb;sw;sb;sw;sb;pb;pw;tb;sw;sb;pb;fb;pw;sb;sw;sw;pw;db;pw;sw;pb;pw;sb;fw;sw;sb;sw;rw;pb;sb;sw
dw;cw;pb;pb;sw;tw;tb;sb;cb;sw;sb;sw;sb;fw;sb;sw;sw;sb;sw;fb;sw;fb;db;pw;fw;sw;sb;sw;pw;pb;pb;rb;sw;sb;pb;sb;pw;pw;sw;sb;cb;pb;pb;sw;cw;pb;sb;sw;tw;rw;pw;sb;sw;pw;sw;sb;sb;sw;pw;sw;sb;sw;sb;sw
cb;sb;sw;sb;pb;pb;pb;sb;tw;sw;pb;sw;rw;sw;sb;pb;pw;sb;fw;tw;pw;sb;sw;tb;sb;pb;fw;sw;pw;sw;sb;pw;pw;sb;sw;pw;sw;pw;sw;sb;cb;dw;cw;cw;db;sw;sb;fb;sw;sb;sw;pb;sw;fb;sw;sb;sb;pw;sb;sw;sb;tb;sb;pb
rw;sb;db;pw;fb;sb;cb;sb;sb;cw;sb;fb;fw;dw;fw;sw;pb;sb;sw;sb;pb;pb;sw;sb;pb;sw;sb;sw;pw;sw;sb;sw;rb;pw;pw;sb;tw;pw;pb;cw;pb;sw;tb;cb;sb;sw;sb;pb;sw;sb;pw;pw;sw;sb;sw;pw;sb;sw;sb;sw;sb;tb;tw;sw
pb;sb;sw;sb;sw;sb;sw;fb;sb;sw;sb;cb;sb;pb;sb;sw;cw;sb;pw;cw;pw;cb;sw;sb;pw;sw;sb;pw;sb;sw;pw;sw;sw;fw;sw;tw;sw;pb;pb;tb;sb;sw;pb;fb;db;sw;pb;pw;pw;sb;pb;sb;rw;dw;fw;pw;rb;sw;sb;pb;sb;tw;sb;sw
sw;sb;tb;sb;sw;fb;pw;sb;sb;pw;pw;fw;tw;sw;sb;cw;sw;pw;sw;rb;sw;pb;pw;sb;sb;sw;pw;pb;pb;sw;sb;sw;sw;pb;sw;sb;sw;cb;cw;pb;pw;sw;fw;sw;sb;tw;sb;tb;sw;sb;sw;db;sw;pw;sw;fb;pb;dw;pb;sw;sb;sw;pb;sw
pb;sb;tb;rw;sw;pw;sw;pw;fb;sw;pw;sw;sb;sw;fw;cw;sw;pb;sw;cb;sw;pb;fb;sb;sb;sw;pw;sw;cb;sw;sb;sw;tb;pw;sw;tw;fw;sb;pw;sb;sb;sw;tw;sw;pb;sw;dw;pb;pb;sb;db;sb;sw;sb;sw;pw;sb;cw;sb;sw;pb;pw;pb;sw
sw;sb;fb;sb;sw;pb;sw;sb;cb;sw;sb;sw;fw;pw;sb;fb;pb;sb;pw;pw;dw;sb;rw;fw;sb;sw;cb;sw;tb;pw;cw;sw;sw;sb;pb;cw;pw;sb;pb;sb;pb;tb;sb;pb;pw;sw;sb;sw;tw;sb;sw;sb;sw;sb;sw;sb;pw;tw;pb;db;sb;pb;pw;sw
tw;pw;sw;tb;pw;sb;sw;sb;pb;sw;sb;pw;sb;sw;pb;sw;sw;cw;sw;tb;rw;pb;pw;pb;sb;pb;sb;sw;pb;sw;sb;cw;sw;pb;sw;pb;tw;fb;dw;sb;sb;cb;fw;sw;sb;sw;pw;sw;sw;pw;sw;cb;sw;fw;sw;fb;sb;pw;sb;sw;sb;sw;sb;db
sw;pb;fw;sb;sw;sb;pb;pw;sb;sw;sb;sw;sb;sw;sb;dw;tb;pb;pb;pw;sw;pb;sw;sb;sb;sw;sb;cb;db;sw;fb;sw;cw;tb;cw;sb;pw;sb;fb;tw;sb;sw;sb;sw;pw;sw;sb;fw;sw;pb;sw;sb;pb;sb;pw;sb;tw;sw;pw;rw;pb;cb;sb;pw
sw;sb;sw;fw;tb;pw;cb;sb;pw;sw;sb;sw;pb;rw;sb;sw;sw;pw;sw;pb;fb;sb;pw;pb;pb;sw;sb;sw;sb;sw;pb;sw;sw;sb;cb;sb;rb;pb;pw;pw;sb;fb;tw;db;sb;sw;dw;pb;sw;pb;cw;sb;sw;sb;tw;tb;sb;sw;sb;pw;sb;pw;sb;cw
sw;pb;sw;sb;sw;sb;sw;sb;sb;sw;sb;sw;pw;sw;fw;sw;pb;tw;pb;sb;db;sb;pw;fw;sb;cw;sb;cw;fb;pb;sb;sw;dw;sb;rw;sb;sw;sb;fb;sb;pb;sw;sb;sw;sb;pw;sb;pb;pw;cb;pw;pw;rb;pw;tw;sb;sb;pb;pw;tb;sb;sw;sb;cb
tw;sb;pw;sb;pb;pb;tw;sb;sb;sw;sb;sw;sb;pw;dw;fw;rw;pb;sw;fw;pw;sb;sw;sb;sb;pb;sb;sw;sb;pw;rb;pw;sw;pb;db;sb;pb;sb;cw;fb;pw;fb;sb;sw;sb;cb;sb;tb;sw;pb;pw;sb;tb;sb;sw;sb;sb;sw;sb;sw;sb;pb;sb;cw
pb;pw;sw;pw;sw;sb;pw;sb;sb;tw;tw;sw;rw;sw;pw;cw;tb;sb;sw;sb;pw;sb;cw;tb;pb;sw;sb;sw;sb;sw;pb;db;fb;fb;dw;pw;sw;sb;pb;sb;sb;fw;pb;sw;pw;pb;sb;sw;sw;sb;pb;cb;sw;sb;sw;sb;pw;sw;pb;cb;sb;sw;fw;sw
pw;pw;rw;sb;sw;sb;pw;pb;sb;pw;sb;tw;sb;sw;sb;sw;sw;sb;fb;tw;tb;sb;cb;sb;sb;pb;dw;pb;rb;sw;pw;cw;sw;sb;pw;sb;pb;sb;fb;sb;sb;tb;pw;sw;sb;pb;sb;sw;sw;sb;sw;sb;sw;sb;cw;fw;pw;sw;sb;cb;pb;db;pb;sw
pb;sb;pb;sb;sw;tb;sw;sb;sb;sw;pw;pw;pw;sw;pw;fw;sw;sb;sw;tw;sw;sb;pb;sb;pb;tw;sb;sw;rb;pw;sb;sw;sw;cw;sw;pw;db;sb;cb;sb;fb;pw;cw;sw;pb;sw;sb;rw;fw;pw;sw;fb;sw;tb;pb;sb;sb;sw;dw;sw;pb;pb;sb;sw
pb;cb;sw;pb;sw;tw;sw;pw;sb;sw;pw;sw;sb;fb;sb;sw;pw;cw;sw;sb;cw;pb;tw;sb;sb;sw;sb;pb;pw;sw;sb;sw;fw;sb;sw;sb;dw;sb;tb;pw;sb;sw;sb;sw;pw;rb;sb;tb;sw;pb;cb;sb;fb;sb;pb;sb;pb;sw;db;sw;pw;fw;pw;pb
sw;sb;sw;fw;sw;sb;pw;sb;sb;sw;sb;pb;sb;sw;pb;pw;pw;pw;sw;sb;sw;sb;cb;fb;fb;sw;sb;sw;sb;cb;rw;sw;sw;sb;rb;sb;sw;tw;pb;fw;sb;pb;sb;sw;cw;sw;sb;sw;pb;cw;sw;pw;db;pb;pb;pw;sb;pb;pw;sw;dw;pw;tb;tw
pb;sb;sw;sb;sw;rw;tb;sb;sb;sw;pb;pb;sb;sw;rb;dw;pb;pb;pw;sb;pw;sb;sw;sb;sb;pb;sb;sw;pw;cw;pw;sw;sw;sb;pw;sb;cb;sb;fw;tw;sb;cb;sb;pw;sb;tw;sb;sw;fw;pb;sw;fb;cw;sb;fb;sb;pb;db;sb;tb;pw;pw;sb;sw
sw;sb;fb;tb;sw;sb;dw;cw;cb;sw;sb;pw;pb;sw;sb;fb;fw;pb;rb;pb;sw;sb;tw;pw;sb;sw;pw;sw;tw;db;pb;pw;sw;pw;pb;sb;sw;pb;sw;sb;pw;sw;sb;sw;pw;sw;cb;sw;fw;sb;cw;sb;pw;rw;sw;sb;sb;sw;sb;sw;pb;sw;pb;sw
cw;sb;fb;sb;sw;sb;pb;tb;pb;db;dw;pb;pw;sw;sb;sw;rb;pw;sw;pw;cb;sb;sw;sb;sb;sw;fw;sw;sb;pb;tw;fb;pw;sb;sw;cw;rw;pb;sw;pw;pw;pb;sb;pb;sb;sw;sb;tb;cb;pw;sw;pb;sw;sb;sw;sb;tw;sw;sb;sw;sb;sw;pw;sw
tw;sb;tb;cw;sw;rw;dw;sb;tb;sw;sb;sw;cw;sw;sb;sw;pw;fw;pw;pb;sw;pw;sw;sb;pb;sw;sb;sw;sb;fb;sb;db;sw;sb;pw;cb;tw;fw;sw;rb;sb;pw;sb;sw;sb;sw;sb;pb;sw;pb;sw;sb;pw;sb;pb;pb;pw;pb;sb;fb;pb;sw;sb;sw
tb;sb;tw;pw;pb;sb;sw;pb;sb;sw;sb;sw;db;sw;sb;sw;pw;sb;sw;pb;pb;pw;sw;sb;sb;cb;sb;dw;tw;sw;sb;fw;pw;fb;sw;sb;pw;cw;pb;pb;fb;rb;sb;pw;pb;cb;pw;sw;sw;sb;sw;rw;sw;sb;pw;sb;sb;sw;pb;sw;sb;sw;tb;sw
cb;sb;sw;sb;sw;sb;sw;pw;sb;sw;pb;fw;sb;tw;tb;pb;sw;sb;pb;sb;sw;pw;pw;sb;sb;sw;pb;cw;pw;sw;sb;cw;fb;sb;tb;cb;pb;pw;sw;sb;sb;sw;rw;sw;pw;pw;sb;dw;sw;sb;sw;sb;rb;db;sw;sb;sb;pb;pb;pw;sb;pb;fb;tw
sw;sb;pb;pb;sw;sb;sw;sb;fb;sw;pw;pb;pw;pb;pb;pw;pw;fw;sw;pb;sw;cw;pb;sb;sb;sw;cw;dw;sb;sw;sb;sw;tw;sb;sw;sb;sw;pw;sw;sb;rb;sw;tb;sw;pw;sw;pw;sw;fw;sb;rw;sb;db;sb;pw;cb;sb;sw;sb;sw;fb;sw;pb;cb
sw;pw;sw;sb;sw;pb;rw;sb;sb;sw;tw;pw;pb;pb;pw;sw;sw;cb;sw;sb;sw;fw;pb;sb;cw;pw;sb;rb;sb;pb;tw;tb;fw;tb;pw;cb;sw;sb;pw;sb;sb;dw;sb;sw;fb;pw;pb;pb;fb;pb;sw;sb;sw;db;sw;sb;sb;sw;sb;sw;cw;sw;sb;sw
sw;sb;sw;pw;sw;tw;fb;sb;pw;sw;sb;db;sb;dw;cw;cw;sw;sb;pb;rb;pw;sb;pw;sb;sb;cb;pb;sw;rw;tb;sb;sw;pw;sb;sw;sb;pw;sb;tw;sb;fw;pw;pb;sw;pw;sw;sb;sw;sw;cb;tb;sb;pb;sb;sw;pb;pb;sw;fb;pb;sb;sw;sb;pb
sw;cw;sw;pb;pw;rw;pb;sb;tb;fb;sb;cb;pb;sw;sb;tw;sw;pw;sw;dw;pw;sb;fb;sb;sb;sw;sb;sw;pb;fw;pw;sw;sw;pb;sw;pw;rb;sb;pw;sb;sb;tw;cb;sw;sb;pb;sb;sw;sw;sb;fw;db;sw;sb;sw;sb;pw;sw;cw;pw;pb;sw;pb;sw
sw;pw;sw;pb;tw;sb;rw;sb;sb;sw;sb;fw;cw;pb;fw;sw;fb;sb;sw;sb;tb;sb;cb;sb;sb;pw;cb;sw;pw;dw;tw;sw;pw;sb;sw;pw;sw;tb;pw;fb;sb;sw;sb;sw;pw;sw;sb;pb;cw;pb;sw;sb;pb;sb;sw;pw;sb;sw;pb;pb;sb;db;pb;sw
sw;sb;sw;pw;sw;tw;pw;sb;cb;sw;pw;sw;pb;sw;sb;sw;sw;rb;pw;sb;cw;pw;sw;sb;pb;sw;sb;fw;fw;pw;pb;pb;sw;pb;sw;pb;dw;pw;sw;db;sb;sw;rw;sw;sb;sw;cw;sw;sw;pb;sw;sb;sw;fb;tw;pb;sb;sw;pw;sw;cb;fb;sb;tb
sw;sb;cw;cb;sw;rw;sw;pb;tw;pw;sb;rb;sb;pb;sb;fw;sw;fb;sw;tw;sw;sb;sw;pw;cb;tb;sb;cw;pb;pb;sb;sw;sw;sb;sw;sb;fw;sb;pw;pb;dw;pb;sb;sw;sb;pw;sb;pw;sw;sb;fb;pw;pw;sb;sw;pw;sb;pb;sb;sw;sb;sw;sb;tb
sw;sb;sw;pb;pw;sb;tb;sb;sb;fb;sb;tw;cb;sw;sb;pw;sw;sb;cw;sb;tb;pb;rw;sb;sb;sw;pb;tw;db;fw;sb;fb;sw;sb;pw;sb;sw;pb;sw;sb;dw;pb;sb;sw;pb;sw;pb;pb;pw;sb;sw;pw;fw;sb;sw;sb;sb;sw;cw;sw;cb;pw;pw;pw
sw;cb;sw;pb;sw;pw;pw;sb;sb;sw;sb;tw;dw;sw;sb;sw;sw;sb;db;pb;pb;pw;pw;sb;fw;pw;pb;sw;pw;sw;sb;sw;pb;tb;fb;sb;sw;sb;rb;pb;sb;sw;pw;sw;rw;pb;cw;sw;fw;tw;sw;sb;sw;cb;sw;sb;sb;sw;sb;sw;fb;pb;sb;pw
pb;sb;sw;pb;sw;sb;pb;fw;pb;sw;sb;pw;sb;pw;rb;sw;sw;sb;sw;tw;sw;sb;db;sb;sb;pw;sb;sw;sb;sw;sb;tw;sw;tb;sw;sb;cb;fb;sw;sb;sb;sw;pb;cw;rw;sw;pw;pw;pw;cb;sw;sb;sw;sb;pw;sb;fb;pw;cw;pb;fw;sw;pb;tb
sw;fb;sw;pw;fw;pb;sw;sb;sb;sw;sb;cw;sb;tb;sb;sw;pb;sb;sw;sb;sw;sb;sw;pw;cb;sw;pw;sw;pb;pb;pw;rw;sw;sb;pb;db;sw;pb;pb;pw;sb;pb;sb;cb;dw;tw;sb;fw;sw;sb;pw;sb;fb;sb;sw;sb;sb;sw;pw;tw;pw;sw;sb;tb
rb;rw;pb;pw;tb;sb;sw;sb;sb;sw;sb;pw;pb;fb;sb;pw;sw;fw;pw;sb;sw;sb;db;sb;sb;pw;sb;tw;sb;sw;sb;pw;cb;tw;pb;pb;sw;sb;sw;cw;pw;sw;fw;sw;pb;sw;cw;sw;pb;pb;fb;dw;sw;tb;pb;sb;sb;sw;cb;sw;sb;sw;sb;sw
sw;pw;sw;pb;pw;sb;sw;sb;sb;cw;sb;sw;pw;sw;sb;sw;db;pb;pw;sb;sw;sb;sw;pb;pb;sw;sb;fw;fw;dw;sb;pb;fb;sb;rw;pw;sw;cb;sw;sb;tb;tw;sb;sw;cb;cw;sb;sw;sw;tw;pw;pb;sw;pb;sw;pw;fb;tb;sb;sw;sb;sw;pb;pw
sw;pb;sw;sb;pb;pb;sw;sb;sb;fb;sb;pw;pw;sw;tw;sw;pb;sb;sw;sb;sw;sb;sw;sb;sb;pw;pw;sw;pw;pw;sb;sw;sw;sb;sw;sb;pb;cw;fw;pw;rb;sw;rw;tb;pb;tw;tb;cw;sw;sb;db;pw;sw;fb;cb;sb;sb;pb;pb;sw;sb;sw;fw;dw
sw;pw;sw;cw;sw;tb;pw;sb;pw;sw;sb;sw;sb;sw;pb;sw;sw;sb;sw;sb;fb;pb;sw;tw;fw;sw;sb;sw;sb;pb;sb;rw;sw;cb;sw;pw;pb;cb;pw;sb;sb;sw;tw;cw;dw;pb;pw;sw;pw;tb;sw;sb;fb;fw;db;sb;pb;sw;pw;sw;sb;sw;pb;sw
sw;sb;cb;sb;sw;sb;sw;pb;sb;pw;fw;fb;sb;sw;pb;sw;fw;pb;sw;rw;sw;sb;dw;pw;fb;sw;sb;tb;sb;pw;pb;sw;tb;rb;tw;sb;sw;sb;pb;sb;pw;sw;pw;cw;tw;sw;sb;sw;sw;sb;sw;sb;pb;db;cw;pw;sb;sw;pb;sw;pw;cb;pb;pw
pw;dw;sw;sb;sw;sb;pb;sb;pw;fw;sb;sw;pb;sw;pw;sw;cb;fb;sw;pw;sw;sb;sw;sb;pb;fw;sb;sw;sb;pb;rw;pw;pb;pw;sw;pw;sw;sb;sw;sb;sb;sw;tb;tw;rb;pb;pb;sw;pb;sb;sw;sb;db;sb;tw;sb;tb;pw;sb;cw;sb;sw;fb;sw
sw;sb;pw;sb;sw;sb;tb;sb;tw;sw;sb;sw;rb;dw;sb;cb;cw;pw;cw;sb;sw;sb;sw;sb;pw;pb;pb;fw;sb;pb;sb;pb;sw;sb;pb;pw;fw;pw;sw;tw;sb;sw;sb;pb;sb;pw;fb;sw;sw;cb;sw;sb;pw;sb;pw;pb;sb;sw;fb;db;sb;sw;sb;pb
sw;sb;pw;pw;fb;rw;pw;cb;sb;sw;pb;sw;sb;cw;sb;fw;sw;pw;sw;pw;sw;pw;sw;pw;rb;sw;sb;sw;sb;sw;pb;pb;sw;sb;sw;sb;tw;sb;cw;pb;pw;sw;sb;sw;pb;sw;tb;sw;tw;fw;sw;db;pb;cb;sw;sb;sb;sw;dw;pb;fb;sw;sb;pb
tw;pw;sw;pb;sw;cw;sw;sb;pb;sw;sb;sw;sb;pw;sb;sw;sw;pw;sw;sb;rw;sb;pb;sb;fw;sw;sb;sw;fw;pw;sb;sw;sw;sb;sw;sb;sw;pw;db;tb;pb;sw;sb;pb;cw;pw;sb;fb;fb;pb;pb;cb;sw;sb;tb;sb;pw;sw;tw;cb;pb;sw;sb;dw
sw;pw;cw;dw;sw;tb;sw;sb;pb;pw;sb;tw;pw;sw;sb;sw;pw;pb;pw;fw;sw;rb;pw;sb;sb;pb;fw;sw;sb;sw;sb;sw;sw;sb;sw;sb;fb;sb;sw;pb;pb;pb;sb;tw;sb;sw;pb;pb;cb;pw;sw;fb;cw;pw;sw;sb;rw;cb;sb;sw;db;sw;sb;sw
sw;sb;sw;sb;fb;pw;cw;sb;db;sw;sb;sw;sb;pb;sb;pw;sw;pw;tb;sb;tw;pb;sw;sb;sb;cb;sb;sw;pw;pb;sb;pb;cb;sb;dw;sb;sw;sb;sw;rw;fw;pw;sb;pb;sb;sw;pb;sw;sw;sb;tw;rb;cw;fb;fw;sb;sb;sw;sb;pb;pw;pb;pw;pw
fw;sb;sw;fw;pb;sb;pb;rw;sb;sw;sb;sw;sb;sw;pw;cb;pb;sb;sw;pb;pw;pw;fb;sb;pb;pw;sb;tb;sb;pb;sb;sw;cw;sb;sw;tw;pw;pw;sw;sb;rb;sw;pw;sw;sb;tw;sb;sw;pw;pb;sw;sb;sw;sb;tb;fb;sb;sw;sb;dw;db;sw;cw;sw
pb;pb;sw;sb;sw;sb;dw;sb;pb;pb;sb;sw;sb;sw;pw;sw;cw;tw;pb;sb;sw;pb;pw;sb;pw;sw;sb;tb;sb;pb;fw;cb;sw;sb;sw;sb;sw;pb;cb;sb;sb;sw;tw;sw;pw;pw;rw;cw;sw;fw;sw;sb;rb;sb;sw;fb;sb;fb;sb;pw;tb;sw;pw;pw
pb;pb;sw;sb;pb;sb;tb;sb;pw;sw;sb;cw;sb;sw;pw;tw;sw;pw;pw;rw;pb;pb;sw;sb;sb;pw;sb;sw;rb;dw;sb;tw;sw;sb;sw;sb;fw;sb;sw;sb;sb;db;pw;cw;sb;sw;pb;sw;sw;pb;cb;fw;sw;fb;sw;sb;pw;cb;sb;pw;sb;fb;sb;pb
pb;rw;sw;tb;sw;pw;pw;sb;fb;sw;fb;sw;sb;pw;sb;sw;sw;sb;sw;sb;pw;fw;cw;sb;sb;pb;tw;pw;sb;dw;pw;rb;db;sb;sw;sb;sw;sb;pb;pw;sb;sw;sb;sw;cw;sw;sb;sw;pb;fw;pb;tw;pw;sb;sw;pb;sb;sw;pb;cb;pb;sw;tb;sw
